Аксессуары ,/catalog/steklo_borosil/aksessuary/
Бутыли ,/catalog/steklo_borosil/butyli/
Бюретки ,/catalog/steklo_borosil/byuretki/
Воронки ,/catalog/steklo_borosil/voronki/
Дистилляторы ,/catalog/steklo_borosil/distillyatory/
Дозаторы LabQuest ,/catalog/steklo_borosil/dozatory_labquest/
Кварцевая посуда ,/catalog/steklo_borosil/kvartsevaya_posuda/
Колбы лабораторные ,/catalog/steklo_borosil/kolby/
Колонки хроматографические ,/catalog/steklo_borosil/kolonki_khromatograficheskie/
Мерные колбы ,/catalog/steklo_borosil/mernye_kolby/
Мешалки ,/catalog/steklo_borosil/meshalki/
Переходники ,/catalog/steklo_borosil/perekhodniki/
Пипетки ,/catalog/steklo_borosil/pipetki/
Предметные и покровные стекла ,/catalog/steklo_borosil/predmetnye_i_pokrovnye_stekla/
Приборы фильтрования ,/catalog/steklo_borosil/pribory_filtrovaniya/
Пробирки ,/catalog/steklo_borosil/probirki/
Пробки и крышки ,/catalog/steklo_borosil/probki_i_kryshki/
Сосуды для музейных препаратов ,/catalog/steklo_borosil/sosudy_dlya_muzeynykh_preparatov/
Спеченная посуда ,/catalog/steklo_borosil/spechennaya_posuda/
Стаканы лабораторные стеклянные ,/catalog/steklo_borosil/stakany/
Стеклянные аппараты ,/catalog/steklo_borosil/steklyannye_apparaty/
Флаконы (виалы) ,/catalog/steklo_borosil/flakony_vialy/
Холодильники ,/catalog/steklo_borosil/kholodilniki/
Цилиндры ,/catalog/steklo_borosil/tsilindry/
Часовое стекло ,/catalog/steklo_borosil/chasovoe_steklo/
Чашки ,/catalog/steklo_borosil/chashki/
Эксикаторы ,/catalog/steklo_borosil/eksikatory/
Экстракторы ,/catalog/steklo_borosil/ekstraktory/
Ампулы ,/catalog/steklo_borosil/ampuly/
Аксессуары ,https://himbio.ru/catalog/steklo_borosil/aksessuary/
Бутыли ,https://himbio.ru/catalog/steklo_borosil/butyli/
Бюретки ,https://himbio.ru/catalog/steklo_borosil/byuretki/
Воронки ,https://himbio.ru/catalog/steklo_borosil/voronki/
Дистилляторы ,https://himbio.ru/catalog/steklo_borosil/distillyatory/
Дозаторы LabQuest ,https://himbio.ru/catalog/steklo_borosil/dozatory_labquest/
Кварцевая посуда ,https://himbio.ru/catalog/steklo_borosil/kvartsevaya_posuda/
Колбы лабораторные ,https://himbio.ru/catalog/steklo_borosil/kolby/
Колонки хроматографические ,https://himbio.ru/catalog/steklo_borosil/kolonki_khromatograficheskie/
Мерные колбы ,https://himbio.ru/catalog/steklo_borosil/mernye_kolby/
Мешалки ,https://himbio.ru/catalog/steklo_borosil/meshalki/
Переходники ,https://himbio.ru/catalog/steklo_borosil/perekhodniki/
Пипетки ,https://himbio.ru/catalog/steklo_borosil/pipetki/
Предметные и покровные стекла ,https://himbio.ru/catalog/steklo_borosil/predmetnye_i_pokrovnye_stekla/
Приборы фильтрования ,https://himbio.ru/catalog/steklo_borosil/pribory_filtrovaniya/
Пробирки ,https://himbio.ru/catalog/steklo_borosil/probirki/
Пробки и крышки ,https://himbio.ru/catalog/steklo_borosil/probki_i_kryshki/
Сосуды для музейных препаратов ,https://himbio.ru/catalog/steklo_borosil/sosudy_dlya_muzeynykh_preparatov/
Спеченная посуда ,https://himbio.ru/catalog/steklo_borosil/spechennaya_posuda/
Стаканы лабораторные стеклянные ,https://himbio.ru/catalog/steklo_borosil/stakany/
Стеклянные аппараты ,https://himbio.ru/catalog/steklo_borosil/steklyannye_apparaty/
Флаконы (виалы) ,https://himbio.ru/catalog/steklo_borosil/flakony_vialy/
Холодильники ,https://himbio.ru/catalog/steklo_borosil/kholodilniki/
Цилиндры ,https://himbio.ru/catalog/steklo_borosil/tsilindry/
Часовое стекло ,https://himbio.ru/catalog/steklo_borosil/chasovoe_steklo/
Чашки ,https://himbio.ru/catalog/steklo_borosil/chashki/
Эксикаторы ,https://himbio.ru/catalog/steklo_borosil/eksikatory/
Экстракторы ,https://himbio.ru/catalog/steklo_borosil/ekstraktory/
Ампулы ,https://himbio.ru/catalog/steklo_borosil/ampuly/
Аксессуары ,https://himbio.ru/catalog/steklo_borosil/aksessuary/
Бутыли ,https://himbio.ru/catalog/steklo_borosil/butyli/
Бюретки ,https://himbio.ru/catalog/steklo_borosil/byuretki/
Воронки ,https://himbio.ru/catalog/steklo_borosil/voronki/
Дистилляторы ,https://himbio.ru/catalog/steklo_borosil/distillyatory/
Дозаторы LabQuest ,https://himbio.ru/catalog/steklo_borosil/dozatory_labquest/
Кварцевая посуда ,https://himbio.ru/catalog/steklo_borosil/kvartsevaya_posuda/
Колбы лабораторные ,https://himbio.ru/catalog/steklo_borosil/kolby/
Колонки хроматографические ,https://himbio.ru/catalog/steklo_borosil/kolonki_khromatograficheskie/
Мерные колбы ,https://himbio.ru/catalog/steklo_borosil/mernye_kolby/
Мешалки ,https://himbio.ru/catalog/steklo_borosil/meshalki/
Переходники ,https://himbio.ru/catalog/steklo_borosil/perekhodniki/
Пипетки ,https://himbio.ru/catalog/steklo_borosil/pipetki/
Предметные и покровные стекла ,https://himbio.ru/catalog/steklo_borosil/predmetnye_i_pokrovnye_stekla/
Приборы фильтрования ,https://himbio.ru/catalog/steklo_borosil/pribory_filtrovaniya/
Пробирки ,https://himbio.ru/catalog/steklo_borosil/probirki/
Пробки и крышки ,https://himbio.ru/catalog/steklo_borosil/probki_i_kryshki/
Сосуды для музейных препаратов ,https://himbio.ru/catalog/steklo_borosil/sosudy_dlya_muzeynykh_preparatov/
Спеченная посуда ,https://himbio.ru/catalog/steklo_borosil/spechennaya_posuda/
Стаканы лабораторные стеклянные ,https://himbio.ru/catalog/steklo_borosil/stakany/
Стеклянные аппараты ,https://himbio.ru/catalog/steklo_borosil/steklyannye_apparaty/
Флаконы (виалы) ,https://himbio.ru/catalog/steklo_borosil/flakony_vialy/
Холодильники ,https://himbio.ru/catalog/steklo_borosil/kholodilniki/
Цилиндры ,https://himbio.ru/catalog/steklo_borosil/tsilindry/
Часовое стекло ,https://himbio.ru/catalog/steklo_borosil/chasovoe_steklo/
Чашки ,https://himbio.ru/catalog/steklo_borosil/chashki/
Эксикаторы ,https://himbio.ru/catalog/steklo_borosil/eksikatory/
Экстракторы ,https://himbio.ru/catalog/steklo_borosil/ekstraktory/
Ампулы ,https://himbio.ru/catalog/steklo_borosil/ampuly/
Аксессуары ,https://himbio.ru/catalog/steklo_borosil/aksessuary/
Бутыли ,https://himbio.ru/catalog/steklo_borosil/butyli/
Бюретки ,https://himbio.ru/catalog/steklo_borosil/byuretki/
Воронки ,https://himbio.ru/catalog/steklo_borosil/voronki/
Дистилляторы ,https://himbio.ru/catalog/steklo_borosil/distillyatory/
Дозаторы LabQuest ,https://himbio.ru/catalog/steklo_borosil/dozatory_labquest/
Кварцевая посуда ,https://himbio.ru/catalog/steklo_borosil/kvartsevaya_posuda/
Колбы лабораторные ,https://himbio.ru/catalog/steklo_borosil/kolby/
Колонки хроматографические ,https://himbio.ru/catalog/steklo_borosil/kolonki_khromatograficheskie/
Мерные колбы ,https://himbio.ru/catalog/steklo_borosil/mernye_kolby/
Мешалки ,https://himbio.ru/catalog/steklo_borosil/meshalki/
Переходники ,https://himbio.ru/catalog/steklo_borosil/perekhodniki/
Пипетки ,https://himbio.ru/catalog/steklo_borosil/pipetki/
Предметные и покровные стекла ,https://himbio.ru/catalog/steklo_borosil/predmetnye_i_pokrovnye_stekla/
Приборы фильтрования ,https://himbio.ru/catalog/steklo_borosil/pribory_filtrovaniya/
Пробирки ,https://himbio.ru/catalog/steklo_borosil/probirki/
Пробки и крышки ,https://himbio.ru/catalog/steklo_borosil/probki_i_kryshki/
Сосуды для музейных препаратов ,https://himbio.ru/catalog/steklo_borosil/sosudy_dlya_muzeynykh_preparatov/
Спеченная посуда ,https://himbio.ru/catalog/steklo_borosil/spechennaya_posuda/
Стаканы лабораторные стеклянные ,https://himbio.ru/catalog/steklo_borosil/stakany/
Стеклянные аппараты ,https://himbio.ru/catalog/steklo_borosil/steklyannye_apparaty/
Флаконы (виалы) ,https://himbio.ru/catalog/steklo_borosil/flakony_vialy/
Холодильники ,https://himbio.ru/catalog/steklo_borosil/kholodilniki/
Цилиндры ,https://himbio.ru/catalog/steklo_borosil/tsilindry/
Часовое стекло ,https://himbio.ru/catalog/steklo_borosil/chasovoe_steklo/
Чашки ,https://himbio.ru/catalog/steklo_borosil/chashki/
Эксикаторы ,https://himbio.ru/catalog/steklo_borosil/eksikatory/
Экстракторы ,https://himbio.ru/catalog/steklo_borosil/ekstraktory/
Ампулы ,https://himbio.ru/catalog/steklo_borosil/ampuly/
Аксессуары ,https://himbio.ru/catalog/steklo_borosil/aksessuary/
Бутыли ,https://himbio.ru/catalog/steklo_borosil/butyli/
Бюретки ,https://himbio.ru/catalog/steklo_borosil/byuretki/
Воронки ,https://himbio.ru/catalog/steklo_borosil/voronki/
Дистилляторы ,https://himbio.ru/catalog/steklo_borosil/distillyatory/
Дозаторы LabQuest ,https://himbio.ru/catalog/steklo_borosil/dozatory_labquest/
Кварцевая посуда ,https://himbio.ru/catalog/steklo_borosil/kvartsevaya_posuda/
Колбы лабораторные ,https://himbio.ru/catalog/steklo_borosil/kolby/
Колонки хроматографические ,https://himbio.ru/catalog/steklo_borosil/kolonki_khromatograficheskie/
Мерные колбы ,https://himbio.ru/catalog/steklo_borosil/mernye_kolby/
Мешалки ,https://himbio.ru/catalog/steklo_borosil/meshalki/
Переходники ,https://himbio.ru/catalog/steklo_borosil/perekhodniki/
Пипетки ,https://himbio.ru/catalog/steklo_borosil/pipetki/
Предметные и покровные стекла ,https://himbio.ru/catalog/steklo_borosil/predmetnye_i_pokrovnye_stekla/
Приборы фильтрования ,https://himbio.ru/catalog/steklo_borosil/pribory_filtrovaniya/
Пробирки ,https://himbio.ru/catalog/steklo_borosil/probirki/
Пробки и крышки ,https://himbio.ru/catalog/steklo_borosil/probki_i_kryshki/
Сосуды для музейных препаратов ,https://himbio.ru/catalog/steklo_borosil/sosudy_dlya_muzeynykh_preparatov/
Спеченная посуда ,https://himbio.ru/catalog/steklo_borosil/spechennaya_posuda/
Стаканы лабораторные стеклянные ,https://himbio.ru/catalog/steklo_borosil/stakany/
Стеклянные аппараты ,https://himbio.ru/catalog/steklo_borosil/steklyannye_apparaty/
Флаконы (виалы) ,https://himbio.ru/catalog/steklo_borosil/flakony_vialy/
Холодильники ,https://himbio.ru/catalog/steklo_borosil/kholodilniki/
Цилиндры ,https://himbio.ru/catalog/steklo_borosil/tsilindry/
Часовое стекло ,https://himbio.ru/catalog/steklo_borosil/chasovoe_steklo/
Чашки ,https://himbio.ru/catalog/steklo_borosil/chashki/
Эксикаторы ,https://himbio.ru/catalog/steklo_borosil/eksikatory/
Экстракторы ,https://himbio.ru/catalog/steklo_borosil/ekstraktory/
Ампулы ,https://himbio.ru/catalog/steklo_borosil/ampuly/
Аксессуары ,https://himbio.ru/catalog/steklo_borosil/aksessuary/
Бутыли ,https://himbio.ru/catalog/steklo_borosil/butyli/
Бюретки ,https://himbio.ru/catalog/steklo_borosil/byuretki/
Воронки ,https://himbio.ru/catalog/steklo_borosil/voronki/
Дистилляторы ,https://himbio.ru/catalog/steklo_borosil/distillyatory/
Дозаторы LabQuest ,https://himbio.ru/catalog/steklo_borosil/dozatory_labquest/
Кварцевая посуда ,https://himbio.ru/catalog/steklo_borosil/kvartsevaya_posuda/
Колбы лабораторные ,https://himbio.ru/catalog/steklo_borosil/kolby/
Колонки хроматографические ,https://himbio.ru/catalog/steklo_borosil/kolonki_khromatograficheskie/
Мерные колбы ,https://himbio.ru/catalog/steklo_borosil/mernye_kolby/
Мешалки ,https://himbio.ru/catalog/steklo_borosil/meshalki/
Переходники ,https://himbio.ru/catalog/steklo_borosil/perekhodniki/
Пипетки ,https://himbio.ru/catalog/steklo_borosil/pipetki/
Предметные и покровные стекла ,https://himbio.ru/catalog/steklo_borosil/predmetnye_i_pokrovnye_stekla/
Приборы фильтрования ,https://himbio.ru/catalog/steklo_borosil/pribory_filtrovaniya/
Пробирки ,https://himbio.ru/catalog/steklo_borosil/probirki/
Пробки и крышки ,https://himbio.ru/catalog/steklo_borosil/probki_i_kryshki/
Сосуды для музейных препаратов ,https://himbio.ru/catalog/steklo_borosil/sosudy_dlya_muzeynykh_preparatov/
Спеченная посуда ,https://himbio.ru/catalog/steklo_borosil/spechennaya_posuda/
Стаканы лабораторные стеклянные ,https://himbio.ru/catalog/steklo_borosil/stakany/
Стеклянные аппараты ,https://himbio.ru/catalog/steklo_borosil/steklyannye_apparaty/
Флаконы (виалы) ,https://himbio.ru/catalog/steklo_borosil/flakony_vialy/
Холодильники ,https://himbio.ru/catalog/steklo_borosil/kholodilniki/
Цилиндры ,https://himbio.ru/catalog/steklo_borosil/tsilindry/
Часовое стекло ,https://himbio.ru/catalog/steklo_borosil/chasovoe_steklo/
Чашки ,https://himbio.ru/catalog/steklo_borosil/chashki/
Эксикаторы ,https://himbio.ru/catalog/steklo_borosil/eksikatory/
Экстракторы ,https://himbio.ru/catalog/steklo_borosil/ekstraktory/
Ампулы ,https://himbio.ru/catalog/steklo_borosil/ampuly/
Аксессуары ,https://himbio.ru/catalog/steklo_borosil/aksessuary/
Бутыли ,https://himbio.ru/catalog/steklo_borosil/butyli/
Бюретки ,https://himbio.ru/catalog/steklo_borosil/byuretki/
Воронки ,https://himbio.ru/catalog/steklo_borosil/voronki/
Дистилляторы ,https://himbio.ru/catalog/steklo_borosil/distillyatory/
Дозаторы LabQuest ,https://himbio.ru/catalog/steklo_borosil/dozatory_labquest/
Кварцевая посуда ,https://himbio.ru/catalog/steklo_borosil/kvartsevaya_posuda/
Колбы лабораторные ,https://himbio.ru/catalog/steklo_borosil/kolby/
Колонки хроматографические ,https://himbio.ru/catalog/steklo_borosil/kolonki_khromatograficheskie/
Мерные колбы ,https://himbio.ru/catalog/steklo_borosil/mernye_kolby/
Мешалки ,https://himbio.ru/catalog/steklo_borosil/meshalki/
Переходники ,https://himbio.ru/catalog/steklo_borosil/perekhodniki/
Пипетки ,https://himbio.ru/catalog/steklo_borosil/pipetki/
Предметные и покровные стекла ,https://himbio.ru/catalog/steklo_borosil/predmetnye_i_pokrovnye_stekla/
Приборы фильтрования ,https://himbio.ru/catalog/steklo_borosil/pribory_filtrovaniya/
Пробирки ,https://himbio.ru/catalog/steklo_borosil/probirki/
Пробки и крышки ,https://himbio.ru/catalog/steklo_borosil/probki_i_kryshki/
Сосуды для музейных препаратов ,https://himbio.ru/catalog/steklo_borosil/sosudy_dlya_muzeynykh_preparatov/
Спеченная посуда ,https://himbio.ru/catalog/steklo_borosil/spechennaya_posuda/
Стаканы лабораторные стеклянные ,https://himbio.ru/catalog/steklo_borosil/stakany/
Стеклянные аппараты ,https://himbio.ru/catalog/steklo_borosil/steklyannye_apparaty/
Флаконы (виалы) ,https://himbio.ru/catalog/steklo_borosil/flakony_vialy/
Холодильники ,https://himbio.ru/catalog/steklo_borosil/kholodilniki/
Цилиндры ,https://himbio.ru/catalog/steklo_borosil/tsilindry/
Часовое стекло ,https://himbio.ru/catalog/steklo_borosil/chasovoe_steklo/
Чашки ,https://himbio.ru/catalog/steklo_borosil/chashki/
Эксикаторы ,https://himbio.ru/catalog/steklo_borosil/eksikatory/
Экстракторы ,https://himbio.ru/catalog/steklo_borosil/ekstraktory/
Ампулы ,https://himbio.ru/catalog/steklo_borosil/ampuly/
Аксессуары ,https://himbio.ru/catalog/steklo_borosil/aksessuary/
Бутыли ,https://himbio.ru/catalog/steklo_borosil/butyli/
Бюретки ,https://himbio.ru/catalog/steklo_borosil/byuretki/
Воронки ,https://himbio.ru/catalog/steklo_borosil/voronki/
Дистилляторы ,https://himbio.ru/catalog/steklo_borosil/distillyatory/
Дозаторы LabQuest ,https://himbio.ru/catalog/steklo_borosil/dozatory_labquest/
Кварцевая посуда ,https://himbio.ru/catalog/steklo_borosil/kvartsevaya_posuda/
Колбы лабораторные ,https://himbio.ru/catalog/steklo_borosil/kolby/
Колонки хроматографические ,https://himbio.ru/catalog/steklo_borosil/kolonki_khromatograficheskie/
Мерные колбы ,https://himbio.ru/catalog/steklo_borosil/mernye_kolby/
Мешалки ,https://himbio.ru/catalog/steklo_borosil/meshalki/
Переходники ,https://himbio.ru/catalog/steklo_borosil/perekhodniki/
Пипетки ,https://himbio.ru/catalog/steklo_borosil/pipetki/
Предметные и покровные стекла ,https://himbio.ru/catalog/steklo_borosil/predmetnye_i_pokrovnye_stekla/
Приборы фильтрования ,https://himbio.ru/catalog/steklo_borosil/pribory_filtrovaniya/
Пробирки ,https://himbio.ru/catalog/steklo_borosil/probirki/
Пробки и крышки ,https://himbio.ru/catalog/steklo_borosil/probki_i_kryshki/
Сосуды для музейных препаратов ,https://himbio.ru/catalog/steklo_borosil/sosudy_dlya_muzeynykh_preparatov/
Спеченная посуда ,https://himbio.ru/catalog/steklo_borosil/spechennaya_posuda/
Стаканы лабораторные стеклянные ,https://himbio.ru/catalog/steklo_borosil/stakany/
Стеклянные аппараты ,https://himbio.ru/catalog/steklo_borosil/steklyannye_apparaty/
Флаконы (виалы) ,https://himbio.ru/catalog/steklo_borosil/flakony_vialy/
Холодильники ,https://himbio.ru/catalog/steklo_borosil/kholodilniki/
Цилиндры ,https://himbio.ru/catalog/steklo_borosil/tsilindry/
Часовое стекло ,https://himbio.ru/catalog/steklo_borosil/chasovoe_steklo/
Чашки ,https://himbio.ru/catalog/steklo_borosil/chashki/
Эксикаторы ,https://himbio.ru/catalog/steklo_borosil/eksikatory/
Экстракторы ,https://himbio.ru/catalog/steklo_borosil/ekstraktory/
Ампулы ,https://himbio.ru/catalog/steklo_borosil/ampuly/
Аксессуары ,https://himbio.ru/catalog/steklo_borosil/aksessuary/
Бутыли ,https://himbio.ru/catalog/steklo_borosil/butyli/
Бюретки ,https://himbio.ru/catalog/steklo_borosil/byuretki/
Воронки ,https://himbio.ru/catalog/steklo_borosil/voronki/
Дистилляторы ,https://himbio.ru/catalog/steklo_borosil/distillyatory/
Дозаторы LabQuest ,https://himbio.ru/catalog/steklo_borosil/dozatory_labquest/
Кварцевая посуда ,https://himbio.ru/catalog/steklo_borosil/kvartsevaya_posuda/
Колбы лабораторные ,https://himbio.ru/catalog/steklo_borosil/kolby/
Колонки хроматографические ,https://himbio.ru/catalog/steklo_borosil/kolonki_khromatograficheskie/
Мерные колбы ,https://himbio.ru/catalog/steklo_borosil/mernye_kolby/
Мешалки ,https://himbio.ru/catalog/steklo_borosil/meshalki/
Переходники ,https://himbio.ru/catalog/steklo_borosil/perekhodniki/
Пипетки ,https://himbio.ru/catalog/steklo_borosil/pipetki/
Предметные и покровные стекла ,https://himbio.ru/catalog/steklo_borosil/predmetnye_i_pokrovnye_stekla/
Приборы фильтрования ,https://himbio.ru/catalog/steklo_borosil/pribory_filtrovaniya/
Пробирки ,https://himbio.ru/catalog/steklo_borosil/probirki/
Пробки и крышки ,https://himbio.ru/catalog/steklo_borosil/probki_i_kryshki/
Сосуды для музейных препаратов ,https://himbio.ru/catalog/steklo_borosil/sosudy_dlya_muzeynykh_preparatov/
Спеченная посуда ,https://himbio.ru/catalog/steklo_borosil/spechennaya_posuda/
Стаканы лабораторные стеклянные ,https://himbio.ru/catalog/steklo_borosil/stakany/
Стеклянные аппараты ,https://himbio.ru/catalog/steklo_borosil/steklyannye_apparaty/
Флаконы (виалы) ,https://himbio.ru/catalog/steklo_borosil/flakony_vialy/
Холодильники ,https://himbio.ru/catalog/steklo_borosil/kholodilniki/
Цилиндры ,https://himbio.ru/catalog/steklo_borosil/tsilindry/
Часовое стекло ,https://himbio.ru/catalog/steklo_borosil/chasovoe_steklo/
Чашки ,https://himbio.ru/catalog/steklo_borosil/chashki/
Эксикаторы ,https://himbio.ru/catalog/steklo_borosil/eksikatory/
Экстракторы ,https://himbio.ru/catalog/steklo_borosil/ekstraktory/
Ампулы ,https://himbio.ru/catalog/steklo_borosil/ampuly/
Аксессуары ,https://himbio.ru/catalog/steklo_borosil/aksessuary/
Бутыли ,https://himbio.ru/catalog/steklo_borosil/butyli/
Бюретки ,https://himbio.ru/catalog/steklo_borosil/byuretki/
Воронки ,https://himbio.ru/catalog/steklo_borosil/voronki/
Дистилляторы ,https://himbio.ru/catalog/steklo_borosil/distillyatory/
Дозаторы LabQuest ,https://himbio.ru/catalog/steklo_borosil/dozatory_labquest/
Кварцевая посуда ,https://himbio.ru/catalog/steklo_borosil/kvartsevaya_posuda/
Колбы лабораторные ,https://himbio.ru/catalog/steklo_borosil/kolby/
Колонки хроматографические ,https://himbio.ru/catalog/steklo_borosil/kolonki_khromatograficheskie/
Мерные колбы ,https://himbio.ru/catalog/steklo_borosil/mernye_kolby/
Мешалки ,https://himbio.ru/catalog/steklo_borosil/meshalki/
Переходники ,https://himbio.ru/catalog/steklo_borosil/perekhodniki/
Пипетки ,https://himbio.ru/catalog/steklo_borosil/pipetki/
Предметные и покровные стекла ,https://himbio.ru/catalog/steklo_borosil/predmetnye_i_pokrovnye_stekla/
Приборы фильтрования ,https://himbio.ru/catalog/steklo_borosil/pribory_filtrovaniya/
Пробирки ,https://himbio.ru/catalog/steklo_borosil/probirki/
Пробки и крышки ,https://himbio.ru/catalog/steklo_borosil/probki_i_kryshki/
Сосуды для музейных препаратов ,https://himbio.ru/catalog/steklo_borosil/sosudy_dlya_muzeynykh_preparatov/
Спеченная посуда ,https://himbio.ru/catalog/steklo_borosil/spechennaya_posuda/
Стаканы лабораторные стеклянные ,https://himbio.ru/catalog/steklo_borosil/stakany/
Стеклянные аппараты ,https://himbio.ru/catalog/steklo_borosil/steklyannye_apparaty/
Флаконы (виалы) ,https://himbio.ru/catalog/steklo_borosil/flakony_vialy/
Холодильники ,https://himbio.ru/catalog/steklo_borosil/kholodilniki/
Цилиндры ,https://himbio.ru/catalog/steklo_borosil/tsilindry/
Часовое стекло ,https://himbio.ru/catalog/steklo_borosil/chasovoe_steklo/
Чашки ,https://himbio.ru/catalog/steklo_borosil/chashki/
Эксикаторы ,https://himbio.ru/catalog/steklo_borosil/eksikatory/
Экстракторы ,https://himbio.ru/catalog/steklo_borosil/ekstraktory/
Ампулы ,https://himbio.ru/catalog/steklo_borosil/ampuly/
Аксессуары ,https://himbio.ru/catalog/steklo_borosil/aksessuary/
Бутыли ,https://himbio.ru/catalog/steklo_borosil/butyli/
Бюретки ,https://himbio.ru/catalog/steklo_borosil/byuretki/
Воронки ,https://himbio.ru/catalog/steklo_borosil/voronki/
Дистилляторы ,https://himbio.ru/catalog/steklo_borosil/distillyatory/
Дозаторы LabQuest ,https://himbio.ru/catalog/steklo_borosil/dozatory_labquest/
Кварцевая посуда ,https://himbio.ru/catalog/steklo_borosil/kvartsevaya_posuda/
Колбы лабораторные ,https://himbio.ru/catalog/steklo_borosil/kolby/
Колонки хроматографические ,https://himbio.ru/catalog/steklo_borosil/kolonki_khromatograficheskie/
Мерные колбы ,https://himbio.ru/catalog/steklo_borosil/mernye_kolby/
Мешалки ,https://himbio.ru/catalog/steklo_borosil/meshalki/
Переходники ,https://himbio.ru/catalog/steklo_borosil/perekhodniki/
Пипетки ,https://himbio.ru/catalog/steklo_borosil/pipetki/
Предметные и покровные стекла ,https://himbio.ru/catalog/steklo_borosil/predmetnye_i_pokrovnye_stekla/
Приборы фильтрования ,https://himbio.ru/catalog/steklo_borosil/pribory_filtrovaniya/
Пробирки ,https://himbio.ru/catalog/steklo_borosil/probirki/
Пробки и крышки ,https://himbio.ru/catalog/steklo_borosil/probki_i_kryshki/
Сосуды для музейных препаратов ,https://himbio.ru/catalog/steklo_borosil/sosudy_dlya_muzeynykh_preparatov/
Спеченная посуда ,https://himbio.ru/catalog/steklo_borosil/spechennaya_posuda/
Стаканы лабораторные стеклянные ,https://himbio.ru/catalog/steklo_borosil/stakany/
Стеклянные аппараты ,https://himbio.ru/catalog/steklo_borosil/steklyannye_apparaty/
Флаконы (виалы) ,https://himbio.ru/catalog/steklo_borosil/flakony_vialy/
Холодильники ,https://himbio.ru/catalog/steklo_borosil/kholodilniki/
Цилиндры ,https://himbio.ru/catalog/steklo_borosil/tsilindry/
Часовое стекло ,https://himbio.ru/catalog/steklo_borosil/chasovoe_steklo/
Чашки ,https://himbio.ru/catalog/steklo_borosil/chashki/
Эксикаторы ,https://himbio.ru/catalog/steklo_borosil/eksikatory/
Экстракторы ,https://himbio.ru/catalog/steklo_borosil/ekstraktory/
Ампулы ,https://himbio.ru/catalog/steklo_borosil/ampuly/
Аксессуары ,https://himbio.ru/catalog/steklo_borosil/aksessuary/
Бутыли ,https://himbio.ru/catalog/steklo_borosil/butyli/
Бюретки ,https://himbio.ru/catalog/steklo_borosil/byuretki/
Воронки ,https://himbio.ru/catalog/steklo_borosil/voronki/
Дистилляторы ,https://himbio.ru/catalog/steklo_borosil/distillyatory/
Дозаторы LabQuest ,https://himbio.ru/catalog/steklo_borosil/dozatory_labquest/
Кварцевая посуда ,https://himbio.ru/catalog/steklo_borosil/kvartsevaya_posuda/
Колбы лабораторные ,https://himbio.ru/catalog/steklo_borosil/kolby/
Колонки хроматографические ,https://himbio.ru/catalog/steklo_borosil/kolonki_khromatograficheskie/
Мерные колбы ,https://himbio.ru/catalog/steklo_borosil/mernye_kolby/
Мешалки ,https://himbio.ru/catalog/steklo_borosil/meshalki/
Переходники ,https://himbio.ru/catalog/steklo_borosil/perekhodniki/
Пипетки ,https://himbio.ru/catalog/steklo_borosil/pipetki/
Предметные и покровные стекла ,https://himbio.ru/catalog/steklo_borosil/predmetnye_i_pokrovnye_stekla/
Приборы фильтрования ,https://himbio.ru/catalog/steklo_borosil/pribory_filtrovaniya/
Пробирки ,https://himbio.ru/catalog/steklo_borosil/probirki/
Пробки и крышки ,https://himbio.ru/catalog/steklo_borosil/probki_i_kryshki/
Сосуды для музейных препаратов ,https://himbio.ru/catalog/steklo_borosil/sosudy_dlya_muzeynykh_preparatov/
Спеченная посуда ,https://himbio.ru/catalog/steklo_borosil/spechennaya_posuda/
Стаканы лабораторные стеклянные ,https://himbio.ru/catalog/steklo_borosil/stakany/
Стеклянные аппараты ,https://himbio.ru/catalog/steklo_borosil/steklyannye_apparaty/
Флаконы (виалы) ,https://himbio.ru/catalog/steklo_borosil/flakony_vialy/
Холодильники ,https://himbio.ru/catalog/steklo_borosil/kholodilniki/
Цилиндры ,https://himbio.ru/catalog/steklo_borosil/tsilindry/
Часовое стекло ,https://himbio.ru/catalog/steklo_borosil/chasovoe_steklo/
Чашки ,https://himbio.ru/catalog/steklo_borosil/chashki/
Эксикаторы ,https://himbio.ru/catalog/steklo_borosil/eksikatory/
Экстракторы ,https://himbio.ru/catalog/steklo_borosil/ekstraktory/
Ампулы ,https://himbio.ru/catalog/steklo_borosil/ampuly/
Аксессуары ,https://himbio.ru/catalog/steklo_borosil/aksessuary/
Бутыли ,https://himbio.ru/catalog/steklo_borosil/butyli/
Бюретки ,https://himbio.ru/catalog/steklo_borosil/byuretki/
Воронки ,https://himbio.ru/catalog/steklo_borosil/voronki/
Дистилляторы ,https://himbio.ru/catalog/steklo_borosil/distillyatory/
Дозаторы LabQuest ,https://himbio.ru/catalog/steklo_borosil/dozatory_labquest/
Кварцевая посуда ,https://himbio.ru/catalog/steklo_borosil/kvartsevaya_posuda/
Колбы лабораторные ,https://himbio.ru/catalog/steklo_borosil/kolby/
Колонки хроматографические ,https://himbio.ru/catalog/steklo_borosil/kolonki_khromatograficheskie/
Мерные колбы ,https://himbio.ru/catalog/steklo_borosil/mernye_kolby/
Мешалки ,https://himbio.ru/catalog/steklo_borosil/meshalki/
Переходники ,https://himbio.ru/catalog/steklo_borosil/perekhodniki/
Пипетки ,https://himbio.ru/catalog/steklo_borosil/pipetki/
Предметные и покровные стекла ,https://himbio.ru/catalog/steklo_borosil/predmetnye_i_pokrovnye_stekla/
Приборы фильтрования ,https://himbio.ru/catalog/steklo_borosil/pribory_filtrovaniya/
Пробирки ,https://himbio.ru/catalog/steklo_borosil/probirki/
Пробки и крышки ,https://himbio.ru/catalog/steklo_borosil/probki_i_kryshki/
Сосуды для музейных препаратов ,https://himbio.ru/catalog/steklo_borosil/sosudy_dlya_muzeynykh_preparatov/
Спеченная посуда ,https://himbio.ru/catalog/steklo_borosil/spechennaya_posuda/
Стаканы лабораторные стеклянные ,https://himbio.ru/catalog/steklo_borosil/stakany/
Стеклянные аппараты ,https://himbio.ru/catalog/steklo_borosil/steklyannye_apparaty/
Флаконы (виалы) ,https://himbio.ru/catalog/steklo_borosil/flakony_vialy/
Холодильники ,https://himbio.ru/catalog/steklo_borosil/kholodilniki/
Цилиндры ,https://himbio.ru/catalog/steklo_borosil/tsilindry/
Часовое стекло ,https://himbio.ru/catalog/steklo_borosil/chasovoe_steklo/
Чашки ,https://himbio.ru/catalog/steklo_borosil/chashki/
Эксикаторы ,https://himbio.ru/catalog/steklo_borosil/eksikatory/
Экстракторы ,https://himbio.ru/catalog/steklo_borosil/ekstraktory/
Ампулы ,https://himbio.ru/catalog/steklo_borosil/ampuly/
Аксессуары ,https://himbio.ru/catalog/steklo_borosil/aksessuary/
Бутыли ,https://himbio.ru/catalog/steklo_borosil/butyli/
Бюретки ,https://himbio.ru/catalog/steklo_borosil/byuretki/
Воронки ,https://himbio.ru/catalog/steklo_borosil/voronki/
Дистилляторы ,https://himbio.ru/catalog/steklo_borosil/distillyatory/
Дозаторы LabQuest ,https://himbio.ru/catalog/steklo_borosil/dozatory_labquest/
Кварцевая посуда ,https://himbio.ru/catalog/steklo_borosil/kvartsevaya_posuda/
Колбы лабораторные ,https://himbio.ru/catalog/steklo_borosil/kolby/
Колонки хроматографические ,https://himbio.ru/catalog/steklo_borosil/kolonki_khromatograficheskie/
Мерные колбы ,https://himbio.ru/catalog/steklo_borosil/mernye_kolby/
Мешалки ,https://himbio.ru/catalog/steklo_borosil/meshalki/
Переходники ,https://himbio.ru/catalog/steklo_borosil/perekhodniki/
Пипетки ,https://himbio.ru/catalog/steklo_borosil/pipetki/
Предметные и покровные стекла ,https://himbio.ru/catalog/steklo_borosil/predmetnye_i_pokrovnye_stekla/
Приборы фильтрования ,https://himbio.ru/catalog/steklo_borosil/pribory_filtrovaniya/
Пробирки ,https://himbio.ru/catalog/steklo_borosil/probirki/
Пробки и крышки ,https://himbio.ru/catalog/steklo_borosil/probki_i_kryshki/
Сосуды для музейных препаратов ,https://himbio.ru/catalog/steklo_borosil/sosudy_dlya_muzeynykh_preparatov/
Спеченная посуда ,https://himbio.ru/catalog/steklo_borosil/spechennaya_posuda/
Стаканы лабораторные стеклянные ,https://himbio.ru/catalog/steklo_borosil/stakany/
Стеклянные аппараты ,https://himbio.ru/catalog/steklo_borosil/steklyannye_apparaty/
Флаконы (виалы) ,https://himbio.ru/catalog/steklo_borosil/flakony_vialy/
Холодильники ,https://himbio.ru/catalog/steklo_borosil/kholodilniki/
Цилиндры ,https://himbio.ru/catalog/steklo_borosil/tsilindry/
Часовое стекло ,https://himbio.ru/catalog/steklo_borosil/chasovoe_steklo/
Чашки ,https://himbio.ru/catalog/steklo_borosil/chashki/
Эксикаторы ,https://himbio.ru/catalog/steklo_borosil/eksikatory/
Экстракторы ,https://himbio.ru/catalog/steklo_borosil/ekstraktory/
Ампулы ,https://himbio.ru/catalog/steklo_borosil/ampuly/
Аксессуары ,https://himbio.ru/catalog/steklo_borosil/aksessuary/
Бутыли ,https://himbio.ru/catalog/steklo_borosil/butyli/
Бюретки ,https://himbio.ru/catalog/steklo_borosil/byuretki/
Воронки ,https://himbio.ru/catalog/steklo_borosil/voronki/
Дистилляторы ,https://himbio.ru/catalog/steklo_borosil/distillyatory/
Дозаторы LabQuest ,https://himbio.ru/catalog/steklo_borosil/dozatory_labquest/
Кварцевая посуда ,https://himbio.ru/catalog/steklo_borosil/kvartsevaya_posuda/
Колбы лабораторные ,https://himbio.ru/catalog/steklo_borosil/kolby/
Колонки хроматографические ,https://himbio.ru/catalog/steklo_borosil/kolonki_khromatograficheskie/
Мерные колбы ,https://himbio.ru/catalog/steklo_borosil/mernye_kolby/
Мешалки ,https://himbio.ru/catalog/steklo_borosil/meshalki/
Переходники ,https://himbio.ru/catalog/steklo_borosil/perekhodniki/
Пипетки ,https://himbio.ru/catalog/steklo_borosil/pipetki/
Предметные и покровные стекла ,https://himbio.ru/catalog/steklo_borosil/predmetnye_i_pokrovnye_stekla/
Приборы фильтрования ,https://himbio.ru/catalog/steklo_borosil/pribory_filtrovaniya/
Пробирки ,https://himbio.ru/catalog/steklo_borosil/probirki/
Пробки и крышки ,https://himbio.ru/catalog/steklo_borosil/probki_i_kryshki/
Сосуды для музейных препаратов ,https://himbio.ru/catalog/steklo_borosil/sosudy_dlya_muzeynykh_preparatov/
Спеченная посуда ,https://himbio.ru/catalog/steklo_borosil/spechennaya_posuda/
Стаканы лабораторные стеклянные ,https://himbio.ru/catalog/steklo_borosil/stakany/
Стеклянные аппараты ,https://himbio.ru/catalog/steklo_borosil/steklyannye_apparaty/
Флаконы (виалы) ,https://himbio.ru/catalog/steklo_borosil/flakony_vialy/
Холодильники ,https://himbio.ru/catalog/steklo_borosil/kholodilniki/
Цилиндры ,https://himbio.ru/catalog/steklo_borosil/tsilindry/
Часовое стекло ,https://himbio.ru/catalog/steklo_borosil/chasovoe_steklo/
Чашки ,https://himbio.ru/catalog/steklo_borosil/chashki/
Эксикаторы ,https://himbio.ru/catalog/steklo_borosil/eksikatory/
Экстракторы ,https://himbio.ru/catalog/steklo_borosil/ekstraktory/
Ампулы ,https://himbio.ru/catalog/steklo_borosil/ampuly/
Аксессуары ,https://himbio.ru/catalog/steklo_borosil/aksessuary/
Бутыли ,https://himbio.ru/catalog/steklo_borosil/butyli/
Бюретки ,https://himbio.ru/catalog/steklo_borosil/byuretki/
Воронки ,https://himbio.ru/catalog/steklo_borosil/voronki/
Дистилляторы ,https://himbio.ru/catalog/steklo_borosil/distillyatory/
Дозаторы LabQuest ,https://himbio.ru/catalog/steklo_borosil/dozatory_labquest/
Кварцевая посуда ,https://himbio.ru/catalog/steklo_borosil/kvartsevaya_posuda/
Колбы лабораторные ,https://himbio.ru/catalog/steklo_borosil/kolby/
Колонки хроматографические ,https://himbio.ru/catalog/steklo_borosil/kolonki_khromatograficheskie/
Мерные колбы ,https://himbio.ru/catalog/steklo_borosil/mernye_kolby/
Мешалки ,https://himbio.ru/catalog/steklo_borosil/meshalki/
Переходники ,https://himbio.ru/catalog/steklo_borosil/perekhodniki/
Пипетки ,https://himbio.ru/catalog/steklo_borosil/pipetki/
Предметные и покровные стекла ,https://himbio.ru/catalog/steklo_borosil/predmetnye_i_pokrovnye_stekla/
Приборы фильтрования ,https://himbio.ru/catalog/steklo_borosil/pribory_filtrovaniya/
Пробирки ,https://himbio.ru/catalog/steklo_borosil/probirki/
Пробки и крышки ,https://himbio.ru/catalog/steklo_borosil/probki_i_kryshki/
Сосуды для музейных препаратов ,https://himbio.ru/catalog/steklo_borosil/sosudy_dlya_muzeynykh_preparatov/
Спеченная посуда ,https://himbio.ru/catalog/steklo_borosil/spechennaya_posuda/
Стаканы лабораторные стеклянные ,https://himbio.ru/catalog/steklo_borosil/stakany/
Стеклянные аппараты ,https://himbio.ru/catalog/steklo_borosil/steklyannye_apparaty/
Флаконы (виалы) ,https://himbio.ru/catalog/steklo_borosil/flakony_vialy/
Холодильники ,https://himbio.ru/catalog/steklo_borosil/kholodilniki/
Цилиндры ,https://himbio.ru/catalog/steklo_borosil/tsilindry/
Часовое стекло ,https://himbio.ru/catalog/steklo_borosil/chasovoe_steklo/
Чашки ,https://himbio.ru/catalog/steklo_borosil/chashki/
Эксикаторы ,https://himbio.ru/catalog/steklo_borosil/eksikatory/
Экстракторы ,https://himbio.ru/catalog/steklo_borosil/ekstraktory/
Ампулы ,https://himbio.ru/catalog/steklo_borosil/ampuly/
